<?xml version="1.0" encoding="utf-8"?>
<odoo>
    <data noupdate="1">
        <record id="email_template_natcom_b2b" model="mail.template">
            <field name="name">Invoice: Send by email B2B NEW</field>
            <field name="model_id" ref="account.model_account_move"/>
            <field name="subject">${object.company_id.name} Order (Ref ${object.name or 'n/a' })</field>
            <field name="email_from">${(object.invoice_user_id.email_formatted or user.email_formatted) |safe}</field>
            <field name="partner_to">${object.admin_mail.id}</field>
            <field name="body_html" type="html">
<div style="margin: 0px; padding: 0px;">
    <p style="margin: 0px; padding: 0px; font-size: 13px;">
        Dear ${object.partner_id.name}
        % if object.partner_id.parent_id:
            (${object.partner_id.parent_id.name})
        % endif
        <br/><br/>
        Here is in attachment a request for quotation <strong>${object.name}</strong>
        % if object.partner_ref:
            with reference: ${object.partner_ref}
        % endif
        from ${object.company_id.name}.
        <br/><br/>
        If you have any questions, please do not hesitate to contact us.
        <br/><br/>
        Best regards,
    </p>
</div></field>
            <field name="report_template" ref="natcom_dec_last.natcom_natcom_dec_view"/>
            <field name="report_name">NAT_${(object.name or '').replace('/','_')}</field>
            <field name="lang">${object.partner_id.lang}</field>
            <field name="auto_delete" eval="True"/>
        </record>

    </data>
</odoo>
