<?xml version="1.0" encoding="utf-8"?>
<odoo>
    <data noupdate="1">
        <record id="email_template_natcom_employee" model="mail.template">
            <field name="name">Invoice: Send by email Information</field>
            <field name="model_id" ref="account.model_account_move"/>
            <field name="subject">${object.company_id.name} Order (Ref ${object.name or 'n/a' })</field>
            <field name="email_from">${(object.invoice_user_id.email_formatted or user.email_formatted) |safe}</field>
            <field name="partner_to">${object.admin_mail.id}</field>
            <field name="body_html" type="html">
<div style="margin: 0px; padding: 0px;">
    <p style="margin: 0px; padding: 0px; font-size: 13px;">
        Dear ${object.company_id.name} ,
            The New Invoice (Ref ${object.system_inv_no or 'n/a' }) ,Customer name (${object.partner_id.name or 'n/a' })  is Created.
        Please Confirm the Invoice.
        <br/>
    </p>
</div></field>
            <field name="report_name"></field>
            <field name="lang">${object.partner_id.lang}</field>
            <field name="auto_delete" eval="True"/>
        </record>

    </data>
</odoo>
