<?xml version="1.0" encoding="utf-8"?>
<odoo>
    <data noupdate="1">
        <record id="zatca_icv_counte" model="ir.config_parameter">
            <field name="key">zatca.icv_counter</field>
            <field name="value">0</field>
        </record>
<!--        Zatca Unique sequence-->
        <record id="zatca_sequence" model="ir.sequence">
            <field name="name">Zatca seq</field>
            <field name="code">zatca.seq</field>
            <field name="number_next">1</field>
            <field name="number_increment">1</field>
        </record>
        <!-- Send Multiple Button in action menu -->
        <record id="action_move_multi_send_invoice" model="ir.actions.server">
            <field name="name">Send Multiple to ZATCA</field>
            <field name="model_id" ref="account.model_account_move"/>
<!--            <field name="groups_id" eval="[(4, ref('account.group_account_invoice'))]"/>-->
            <field name="binding_model_id" ref="account.model_account_move"/>
            <field name="binding_view_types">list</field>
            <field name="state">code</field>
            <field name="code">action = records.send_multiple_to_zatca()</field>
        </record>
    </data>
</odoo>