<?xml version="1.0" encoding="utf-8" ?>
<odoo noupdate="1">

<record id="charge_account" model="account.account">
    <field name="code">606FACTURX</field>
    <field name="name">Charge account Factur-X</field>
    <field name="user_type_id" ref="account.data_account_type_expenses" />
</record>

<record id="jolie_boutique" model="res.partner">
    <field name="name">Ma jolie boutique</field>
    <field name="is_company" eval="True" />
    <field name="supplier_rank">1</field>
    <field name="customer_rank">0</field>
    <field name="street">35 rue de la république</field>
    <field name="zip">69001</field>
    <field name="city">Lyon</field>
    <field name="country_id" ref="base.fr" />
    <field name="vat">FR11999999998</field>
</record>

<record id="fr_vat_purchase_20" model="account.tax">
    <field name="name">FR VAT purchase 20.0%</field>
    <field name="description">FR-VAT-buy-20.0</field>
    <field name="type_tax_use">purchase</field>
    <field name="amount">20</field>
    <field name="amount_type">percent</field>
    <field name="unece_type_id" ref="account_tax_unece.tax_type_vat" />
    <field name="unece_categ_id" ref="account_tax_unece.tax_categ_s" />
</record>

<record id="jolie_boutique_import_config" model="account.invoice.import.config">
    <field name="name">Jolie Boutique</field>
    <field name="partner_id" ref="jolie_boutique" />
    <field name="invoice_line_method">1line_no_product</field>
    <field name="account_id" ref="charge_account" />
    <field
            name="tax_ids"
            eval="[(4, ref('account_invoice_import_facturx.fr_vat_purchase_20'))]"
        />
</record>

<record id="lieferant" model="res.partner">
    <field name="name">Lieferant GmbH</field>
    <field name="is_company" eval="True" />
    <field name="supplier_rank">1</field>
    <field name="customer_rank">0</field>
    <field name="street">Lieferantenstraße 20</field>
    <field name="zip">80333</field>
    <field name="city">München</field>
    <field name="country_id" ref="base.de" />
</record>

<record id="lieferant_import_config" model="account.invoice.import.config">
    <field name="name">Lieferant</field>
    <field name="partner_id" ref="lieferant" />
    <field name="invoice_line_method">nline_no_product</field>
    <field name="account_id" ref="charge_account" />
</record>


<record id="mvm_musterhafter" model="res.partner">
    <field name="name">MVM Musterhafter
Versicherungsverein Musterstadt a.G.</field>
    <field name="is_company" eval="True" />
    <field name="supplier_rank">1</field>
    <field name="customer_rank">0</field>
    <field name="street">Musterstr. 12</field>
    <field name="zip">12345</field>
    <field name="city">Musterstadt</field>
    <field name="country_id" ref="base.de" />
</record>

<record id="mvm_musterhafter_import_config" model="account.invoice.import.config">
    <field name="name">MVM Musterhafter</field>
    <field name="partner_id" ref="mvm_musterhafter" />
    <field name="invoice_line_method">nline_no_product</field>
    <field name="account_id" ref="charge_account" />
</record>


<record id="musterlieferant" model="res.partner">
    <field name="name">MUSTERLIEFERANT GMBH</field>
    <field name="is_company" eval="True" />
    <field name="supplier_rank">1</field>
    <field name="customer_rank">0</field>
    <field name="email">max.mustermann@musterlieferant.de</field>
    <field name="street">BAHNHOFSTRASSE 99</field>
    <field name="zip">99199</field>
    <field name="city">MUSTERHAUSEN</field>
    <field name="country_id" ref="base.de" />
</record>

<record id="musterlieferant_import_config" model="account.invoice.import.config">
    <field name="name">MUSTERLIEFERANT</field>
    <field name="partner_id" ref="musterlieferant" />
    <field name="invoice_line_method">nline_no_product</field>
    <field name="account_id" ref="charge_account" />
</record>


<record id="de_vat_purchase_19" model="account.tax">
    <field name="name">German VAT purchase 19.0%</field>
    <field name="description">DE-VAT-buy-19.0</field>
    <field name="type_tax_use">purchase</field>
    <field name="amount">19</field>
    <field name="amount_type">percent</field>
    <field name="unece_type_id" ref="account_tax_unece.tax_type_vat" />
    <field name="unece_categ_id" ref="account_tax_unece.tax_categ_s" />
</record>

<record id="de_vat_purchase_7" model="account.tax">
    <field name="name">German VAT purchase 7.0%</field>
    <field name="description">DE-VAT-buy-7.0</field>
    <field name="type_tax_use">purchase</field>
    <field name="amount">7</field>
    <field name="amount_type">percent</field>
    <field name="unece_type_id" ref="account_tax_unece.tax_type_vat" />
    <field name="unece_categ_id" ref="account_tax_unece.tax_categ_s" />
</record>

<record id="de_insurance_purchase_19" model="account.tax">
    <field name="name">German Insurance purchase 19.0%</field>
    <field name="description">DE-INSURANCE-buy-19.0</field>
    <field name="type_tax_use">purchase</field>
    <field name="amount">19</field>
    <field name="amount_type">percent</field>
    <field name="unece_type_id" ref="base_facturx.tax_type_zf_insurance_tax" />
    <field name="unece_categ_id" ref="account_tax_unece.tax_categ_s" />
</record>

<record id="de_insurance_purchase_16_34" model="account.tax">
    <field name="name">German Insurance purchase 16.34%</field>
    <field name="description">DE-INSURANCE-buy-16.34</field>
    <field name="type_tax_use">purchase</field>
    <field name="amount">16.34</field>
    <field name="amount_type">percent</field>
    <field name="unece_type_id" ref="base_facturx.tax_type_zf_insurance_tax" />
    <field name="unece_categ_id" ref="account_tax_unece.tax_categ_s" />
</record>

<record id="test_noline" model="res.partner">
    <field name="name">Test Supplier (noline)</field>
    <field name="is_company" eval="True" />
    <field name="supplier_rank">1</field>
    <field name="customer_rank">0</field>
    <field name="country_id" ref="base.fr" />
    <field name="vat">FR11123456782</field>
</record>

<record id="test_noline_import_config" model="account.invoice.import.config">
    <field name="name">Test noline</field>
    <field name="partner_id" ref="test_noline" />
    <field name="invoice_line_method">1line_no_product</field>
    <field name="account_id" ref="charge_account" />
    <field
            name="tax_ids"
            eval="[(4, ref('account_invoice_import_facturx.fr_vat_purchase_20'))]"
        />
</record>

<record id="test_line" model="res.partner">
    <field name="name">Test Supplier (lines)</field>
    <field name="is_company" eval="True" />
    <field name="supplier_rank">1</field>
    <field name="customer_rank">0</field>
    <field name="country_id" ref="base.fr" />
    <field name="vat">FR14987654324</field>
</record>

<record id="test_line_import_config" model="account.invoice.import.config">
    <field name="name">Test line</field>
    <field name="partner_id" ref="test_line" />
    <field name="invoice_line_method">nline_no_product</field>
    <field name="account_id" ref="charge_account" />
    <field
            name="tax_ids"
            eval="[(4, ref('account_invoice_import_facturx.fr_vat_purchase_20'))]"
        />
</record>


</odoo>
