<?xml version="1.0" encoding="UTF-8" ?>
<odoo>
<!--    <data noupdate="1">-->
<!--        <record id="invoice_creation_automatic" model="ir.cron">-->
<!--            <field name="name">Invoice Creation Automatic</field>-->
<!--            <field name="model_id" ref="model_json_calling"/>-->
<!--            <field name="type">ir.actions.server</field>-->
<!--            <field name="state">code</field>-->
<!--            <field name="code">model.callrequest()</field>-->
<!--            <field name="interval_number">1</field>-->
<!--            <field name="interval_type">hours</field>-->
<!--            <field name="numbercall">-1</field>-->
<!--        </record>-->
<!--    </data>-->
</odoo>