<?xml version="1.0" encoding="utf-8" ?>
<odoo noupdate="0">
    <!-- unece.code.list
Source : https://www.unece.org/fileadmin/DAM/trade/untdid/d16b/tred/tred5153.htm  -->
    <record id="tax_type_aaa" model="unece.code.list">
        <field name="type">tax_type</field>
        <field name="code">AAA</field>
        <field name="name">Petroleum tax</field>
        <field name="description">
            A tax levied on the volume of petroleum being transacted.
        </field>
    </record>
    <record id="tax_type_aab" model="unece.code.list">
        <field name="type">tax_type</field>
        <field name="code">AAB</field>
        <field name="name">Provisional countervailing duty cash</field>
        <field name="description">
            Countervailing duty paid in cash prior to a formal finding of subsidization
            by Customs.
        </field>
    </record>
    <record id="tax_type_aac" model="unece.code.list">
        <field name="type">tax_type</field>
        <field name="code">AAC</field>
        <field name="name">Provisional countervailing duty bond</field>
        <field name="description">
            Countervailing duty paid by posting a bond during an investigation period
            prior to a formal decision on subsidization by Customs.
        </field>
    </record>
    <record id="tax_type_aad" model="unece.code.list">
        <field name="type">tax_type</field>
        <field name="code">AAD</field>
        <field name="name">Tobacco tax</field>
        <field name="description">A tax levied on tobacco products.</field>
    </record>
    <record id="tax_type_aae" model="unece.code.list">
        <field name="type">tax_type</field>
        <field name="code">AAE</field>
        <field name="name">Energy fee</field>
        <field name="description">General fee or tax for the use of energy.</field>
    </record>
    <record id="tax_type_aaf" model="unece.code.list">
        <field name="type">tax_type</field>
        <field name="code">AAF</field>
        <field name="name">Coffee tax</field>
        <field name="description">A tax levied specifically on coffee products.</field>
    </record>
    <record id="tax_type_aag" model="unece.code.list">
        <field name="type">tax_type</field>
        <field name="code">AAG</field>
        <field name="name">Harmonised sales tax, Canadian</field>
        <field name="description">
            A harmonized sales tax consisting of a goods and service tax, a Canadian
            provincial sales tax and, as applicable, a Quebec sales tax which is
            recoverable.
        </field>
    </record>
    <record id="tax_type_aah" model="unece.code.list">
        <field name="type">tax_type</field>
        <field name="code">AAH</field>
        <field name="name">Quebec sales tax</field>
        <field name="description">
            A sales tax charged within the Canadian province of Quebec which is
            recoverable.
        </field>
    </record>
    <record id="tax_type_aai" model="unece.code.list">
        <field name="type">tax_type</field>
        <field name="code">AAI</field>
        <field name="name">Canadian provincial sales tax</field>
        <field name="description">
            A sales tax charged within Canadian provinces which is non-recoverable.
        </field>
    </record>
    <record id="tax_type_aaj" model="unece.code.list">
        <field name="type">tax_type</field>
        <field name="code">AAJ</field>
        <field name="name">Tax on replacement part</field>
        <field name="description">
            A tax levied on a replacement part, where the original part is returned.
        </field>
    </record>
    <record id="tax_type_aak" model="unece.code.list">
        <field name="type">tax_type</field>
        <field name="code">AAK</field>
        <field name="name">Mineral oil tax</field>
        <field name="description">
            Tax that is levied specifically on products containing mineral oil.
        </field>
    </record>
    <record id="tax_type_aal" model="unece.code.list">
        <field name="type">tax_type</field>
        <field name="code">AAL</field>
        <field name="name">Special tax</field>
        <field name="description">To indicate a special type of tax.</field>
    </record>
    <record id="tax_type_aam" model="unece.code.list">
        <field name="type">tax_type</field>
        <field name="code">AAM</field>
        <field name="name">Insurance tax</field>
        <field name="description">A tax levied specifically on insurances.</field>
    </record>
    <record id="tax_type_add" model="unece.code.list">
        <field name="type">tax_type</field>
        <field name="code">ADD</field>
        <field name="name">Anti-dumping duty</field>
        <field name="description">
            Duty applied to goods ruled to have been dumped in an import market at a
            price lower than that in the exporter's domestic market.
        </field>
    </record>
    <record id="tax_type_bol" model="unece.code.list">
        <field name="type">tax_type</field>
        <field name="code">BOL</field>
        <field name="name">Stamp duty (Imposta di Bollo)</field>
        <field name="description">
            Tax required in Italy, which may be fixed or graduated in various
            circumstances (e.g. VAT exempt documents or bank receipts).
        </field>
    </record>
    <record id="tax_type_cap" model="unece.code.list">
        <field name="type">tax_type</field>
        <field name="code">CAP</field>
        <field name="name">Agricultural levy</field>
        <field name="description">
            Levy imposed on agricultural products where there is a difference between
            the selling price between trading countries.
        </field>
    </record>
    <record id="tax_type_car" model="unece.code.list">
        <field name="type">tax_type</field>
        <field name="code">CAR</field>
        <field name="name">Car tax</field>
        <field name="description">
            A tax that is levied on the value of the automobile.
        </field>
    </record>
    <record id="tax_type_coc" model="unece.code.list">
        <field name="type">tax_type</field>
        <field name="code">COC</field>
        <field name="name">Paper consortium tax (Italy)</field>
        <field name="description" />
    </record>
    <record id="tax_type_cst" model="unece.code.list">
        <field name="type">tax_type</field>
        <field name="code">CST</field>
        <field name="name">Commodity specific tax</field>
        <field name="description">
            Tax related to a specified commodity, e.g. illuminants, salts.
        </field>
    </record>
    <record id="tax_type_cud" model="unece.code.list">
        <field name="type">tax_type</field>
        <field name="code">CUD</field>
        <field name="name">Customs duty</field>
        <field name="description">
            Duties laid down in the Customs tariff, to which goods are liable on
            entering or leaving the Customs territory (CCC).
        </field>
    </record>
    <record id="tax_type_cvd" model="unece.code.list">
        <field name="type">tax_type</field>
        <field name="code">CVD</field>
        <field name="name">Countervailing duty</field>
        <field name="description">
            A duty on imported goods applied for compensate for subsidies granted to
            those goods in the exporting country.
        </field>
    </record>
    <record id="tax_type_env" model="unece.code.list">
        <field name="type">tax_type</field>
        <field name="code">ENV</field>
        <field name="name">Environmental tax</field>
        <field name="description">
            Tax assessed for funding or assuring environmental protection or clean-up.
        </field>
    </record>
    <record id="tax_type_exc" model="unece.code.list">
        <field name="type">tax_type</field>
        <field name="code">EXC</field>
        <field name="name">Excise duty</field>
        <field name="description">
            Customs or fiscal authorities code to identify a specific or ad valorem levy
            on a specific commodity, applied either domestically or at time of
            importation.
        </field>
    </record>
    <record id="tax_type_exp" model="unece.code.list">
        <field name="type">tax_type</field>
        <field name="code">EXP</field>
        <field name="name">Agricultural export rebate</field>
        <field name="description">
            Monetary rebate given to the seller in certain circumstances when
            agricultural products are exported.
        </field>
    </record>
    <record id="tax_type_fet" model="unece.code.list">
        <field name="type">tax_type</field>
        <field name="code">FET</field>
        <field name="name">Federal excise tax</field>
        <field name="description">
            Tax levied by the federal government on the manufacture of specific items.
        </field>
    </record>
    <record id="tax_type_fre" model="unece.code.list">
        <field name="type">tax_type</field>
        <field name="code">FRE</field>
        <field name="name">Free</field>
        <field name="description">No tax levied.</field>
    </record>
    <record id="tax_type_gcn" model="unece.code.list">
        <field name="type">tax_type</field>
        <field name="code">GCN</field>
        <field name="name">General construction tax</field>
        <field name="description">General tax for construction.</field>
    </record>
    <record id="tax_type_gst" model="unece.code.list">
        <field name="type">tax_type</field>
        <field name="code">GST</field>
        <field name="name">Goods and services tax</field>
        <field name="description">
            Tax levied on the final consumption of goods and services throughout the
            production and distribution chain.
        </field>
    </record>
    <record id="tax_type_ill" model="unece.code.list">
        <field name="type">tax_type</field>
        <field name="code">ILL</field>
        <field name="name">Illuminants tax</field>
        <field name="description">Tax of illuminants.</field>
    </record>
    <record id="tax_type_imp" model="unece.code.list">
        <field name="type">tax_type</field>
        <field name="code">IMP</field>
        <field name="name">Import tax</field>
        <field name="description">Tax assessed on imports.</field>
    </record>
    <record id="tax_type_ind" model="unece.code.list">
        <field name="type">tax_type</field>
        <field name="code">IND</field>
        <field name="name">Individual tax</field>
        <field name="description">
            A tax levied based on an individual's ability to pay.
        </field>
    </record>
    <record id="tax_type_lac" model="unece.code.list">
        <field name="type">tax_type</field>
        <field name="code">LAC</field>
        <field name="name">Business license fee</field>
        <field name="description">
            Government assessed charge for permit to do business.
        </field>
    </record>
    <record id="tax_type_lcn" model="unece.code.list">
        <field name="type">tax_type</field>
        <field name="code">LCN</field>
        <field name="name">Local construction tax</field>
        <field name="description">Local tax for construction.</field>
    </record>
    <record id="tax_type_ldp" model="unece.code.list">
        <field name="type">tax_type</field>
        <field name="code">LDP</field>
        <field name="name">Light dues payable</field>
        <field name="description">
            Fee levied on a vessel to pay for port navigation lights.
        </field>
    </record>
    <record id="tax_type_loc" model="unece.code.list">
        <field name="type">tax_type</field>
        <field name="code">LOC</field>
        <field name="name">Local sales tax</field>
        <field name="description">
            Assessment charges on sale of goods or services by city, borough country or
            other taxing authorities below state or provincial level.
        </field>
    </record>
    <record id="tax_type_lst" model="unece.code.list">
        <field name="type">tax_type</field>
        <field name="code">LST</field>
        <field name="name">Lust tax</field>
        <field name="description">
            Tax imposed for clean-up of leaky underground storage tanks.
        </field>
    </record>
    <record id="tax_type_mca" model="unece.code.list">
        <field name="type">tax_type</field>
        <field name="code">MCA</field>
        <field name="name">Monetary compensatory amount</field>
        <field name="description">
            Levy on Common Agricultural Policy (European Union) goods used to compensate
            for fluctuating currencies between member states.
        </field>
    </record>
    <record id="tax_type_mcd" model="unece.code.list">
        <field name="type">tax_type</field>
        <field name="code">MCD</field>
        <field name="name">Miscellaneous cash deposit</field>
        <field name="description">
            Duty paid and held on deposit, by Customs, during an investigation period
            prior to a final decision being made on any aspect related to imported goods
            (except valuation) by Customs.
        </field>
    </record>
    <record id="tax_type_oth" model="unece.code.list">
        <field name="type">tax_type</field>
        <field name="code">OTH</field>
        <field name="name">Other taxes</field>
        <field name="description">Unspecified, miscellaneous tax charges.</field>
    </record>
    <record id="tax_type_pdb" model="unece.code.list">
        <field name="type">tax_type</field>
        <field name="code">PDB</field>
        <field name="name">Provisional duty bond</field>
        <field name="description">
            Anti-dumping duty paid by posting a bond during an investigation period
            prior to a formal decision on dumping by Customs.
        </field>
    </record>
    <record id="tax_type_pdc" model="unece.code.list">
        <field name="type">tax_type</field>
        <field name="code">PDC</field>
        <field name="name">Provisional duty cash</field>
        <field name="description">
            Anti-dumping duty paid in cash prior to a formal finding of dumping by
            Customs.
        </field>
    </record>
    <record id="tax_type_prf" model="unece.code.list">
        <field name="type">tax_type</field>
        <field name="code">PRF</field>
        <field name="name">Preference duty</field>
        <field name="description">
            Duties laid down in the Customs tariff, to which goods are liable on
            entering or leaving the Customs territory falling under a preferential
            regime such as Generalised System of Preferences (GSP).
        </field>
    </record>
    <record id="tax_type_scn" model="unece.code.list">
        <field name="type">tax_type</field>
        <field name="code">SCN</field>
        <field name="name">Special construction tax</field>
        <field name="description">Special tax for construction.</field>
    </record>
    <record id="tax_type_sss" model="unece.code.list">
        <field name="type">tax_type</field>
        <field name="code">SSS</field>
        <field name="name">Shifted social securities</field>
        <field name="description">
            Social securities share of the invoice amount to be paid directly to the
            social securities collector.
        </field>
    </record>
    <record id="tax_type_stt" model="unece.code.list">
        <field name="type">tax_type</field>
        <field name="code">STT</field>
        <field name="name">State/provincial sales tax</field>
        <field name="description">
            All applicable sale taxes by authorities at the state or provincial level,
            below national level.
        </field>
    </record>
    <record id="tax_type_sup" model="unece.code.list">
        <field name="type">tax_type</field>
        <field name="code">SUP</field>
        <field name="name">Suspended duty</field>
        <field name="description">Duty suspended or deferred from payment.</field>
    </record>
    <record id="tax_type_sur" model="unece.code.list">
        <field name="type">tax_type</field>
        <field name="code">SUR</field>
        <field name="name">Surtax</field>
        <field name="description">
            A tax or duty applied on and in addition to existing duties and taxes.
        </field>
    </record>
    <record id="tax_type_swt" model="unece.code.list">
        <field name="type">tax_type</field>
        <field name="code">SWT</field>
        <field name="name">Shifted wage tax</field>
        <field name="description">
            Wage tax share of the invoice amount to be paid directly to the tax
            collector's office).
        </field>
    </record>
    <record id="tax_type_tac" model="unece.code.list">
        <field name="type">tax_type</field>
        <field name="code">TAC</field>
        <field name="name">Alcohol mark tax</field>
        <field name="description">
            A tax levied based on the type of alcohol being obtained.
        </field>
    </record>
    <record id="tax_type_tot" model="unece.code.list">
        <field name="type">tax_type</field>
        <field name="code">TOT</field>
        <field name="name">Total</field>
        <field name="description">The summary amount of all taxes.</field>
    </record>
    <record id="tax_type_tox" model="unece.code.list">
        <field name="type">tax_type</field>
        <field name="code">TOX</field>
        <field name="name">Turnover tax</field>
        <field name="description">
            Tax levied on the total sales/turnover of a corporation.
        </field>
    </record>
    <record id="tax_type_tta" model="unece.code.list">
        <field name="type">tax_type</field>
        <field name="code">TTA</field>
        <field name="name">Tonnage taxes</field>
        <field name="description">Tax levied based on the vessel's net tonnage.</field>
    </record>
    <record id="tax_type_vad" model="unece.code.list">
        <field name="type">tax_type</field>
        <field name="code">VAD</field>
        <field name="name">Valuation deposit</field>
        <field name="description">
            Duty paid and held on deposit, by Customs, during an investigation period
            prior to a formal decision on valuation of the goods being made.
        </field>
    </record>
    <record id="tax_type_vat" model="unece.code.list">
        <field name="type">tax_type</field>
        <field name="code">VAT</field>
        <field name="name">Value added tax</field>
        <field name="description">
            A tax on domestic or imported goods applied to the value added at each stage
            in the production/distribution cycle.
        </field>
    </record>
</odoo>
