<?xml version="1.0" encoding="utf-8" ?>
<!--
  Copyright 2017-2021 Akretion France (http://www.akretion.com/)
  @author: Alexis de Lattre <alexis.delattre@akretion.com>
  License AGPL-3.0 or later (http://www.gnu.org/licenses/agpl).
-->
<odoo noupdate="1">


<record id="account_invoice_download_config_rule" model="ir.rule">
    <field name="name">Vendor Bills Download Configuration multi-company</field>
    <field name="model_id" ref="model_account_invoice_download_config" />
    <field name="domain_force">[('company_id', 'in', company_ids)]</field>
</record>

<record id="account_invoice_download_log_rule" model="ir.rule">
    <field name="name">Vendor Bills Download Log multi-company</field>
    <field name="model_id" ref="model_account_invoice_download_log" />
    <field
            name="domain_force"
        >['|', ('company_id', '=', False), ('company_id', 'in', company_ids)]</field>
</record>


</odoo>
