<?xml version="1.0" encoding="UTF-8" ?>
<odoo>
    <data noupdate="1">
        <record id="proforma_seq" model="ir.sequence">
            <field name="name">pro.forma.no</field>
            <field name="code">pro.forma.no</field>
            <field name="prefix">PRO-INV</field>
            <field name="padding">3</field>
            <field name="company_id" eval="False"/>
        </record>
        <record id="rproforma_seq" model="ir.sequence">
            <field name="name">pro.forma.no</field>
            <field name="code">rpro.forma.no</field>
            <field name="prefix">RPRO-INV</field>
            <field name="padding">3</field>
            <field name="company_id" eval="False"/>
        </record>
    </data>
</odoo>