<?xml version="1.0" encoding="UTF-8" ?>
<odoo>
<!--    <data noupdate="1">-->
<!--        <record id="invoice_print_send_automatic" model="ir.cron">-->
<!--            <field name="name">Invoice Email Automatic</field>-->
<!--            <field name="model_id" ref="model_account_move"/>-->
<!--            <field name="type">ir.actions.server</field>-->
<!--            <field name="state">code</field>-->
<!--            <field name="code">model.invoice_email_sent()</field>-->
<!--            <field name="interval_number">1</field>-->
<!--            <field name="interval_type">days</field>-->
<!--            <field name="numbercall">-1</field>-->
<!--        </record>-->
<!--    </data>-->
</odoo>